id,conversation_id,created_at,date,time,timezone,user_id,username,name,place,tweet,mentions,urls,photos,replies_count,retweets_count,likes_count,hashtags,cashtags,link,retweet,quote_url,video,near,geo,source,user_rt_id,user_rt,retweet_id,reply_to,retweet_date,translate,trans_src,trans_dest
1264569920605442049,1264569634079903747,1590331938000,2020-05-24,22:52:18,Malay Peninsula Standard Time,4718284824,dyeymsandru,#ReviseAntiTerrorBill #NoToIrresponsibleJournalism,,"To Yorme, kung sakali pong mag-GCQ na ang NCR after May 31, paki-recommend niyo po sana na pwedeng pumunta yung mga nakadorm sa ubelt para kumuha ng mga gamit. Naiwan po kasi namin yung mga gamit namin do‚Äôn before ECQ, eh. Sana po mapansin niyo ito. Thank you ü§ó",['manilapio'],[],[],0,0,0,[],[],https://twitter.com/dyeymsandru/status/1264569920605442049,False,,0,,"14.611304,121.012901,200km",,,,,"[{'user_id': '4718284824', 'username': 'dyeymsandru'}, {'user_id': '1134487806359719938', 'username': 'ManilaPIO'}]",,,,
1264363612778360832,1264363612778360832,1590282750000,2020-05-24,09:12:30,Malay Peninsula Standard Time,798534593032794112,arkitektolits,LITO V. TABULDAN,,@ManilaPIO cont. po pic.twitter.com/i4AkMfeRwf,['manilapio'],[],"['https://pbs.twimg.com/media/EYvr_7aVAAARO_9.jpg', 'https://pbs.twimg.com/media/EYvr_7wUYAAuzLB.jpg', 'https://pbs.twimg.com/media/EYvr_8bUcAAAER6.jpg', 'https://pbs.twimg.com/media/EYvr_9BVAAAzwhi.jpg']",0,0,0,[],[],https://twitter.com/ArkitekTolits/status/1264363612778360832,False,,0,,"14.611304,121.012901,200km",,,,,"[{'user_id': '798534593032794112', 'username': 'ArkitekTolits'}, {'user_id': '1134487806359719938', 'username': 'ManilaPIO'}]",,,,
1264363334637240320,1264363334637240320,1590282684000,2020-05-24,09:11:24,Malay Peninsula Standard Time,798534593032794112,arkitektolits,LITO V. TABULDAN,,@ManilaPIO just sharing a post from my friend. Something wrong with Bgy.97 in Tondo Manila pic.twitter.com/PTqu657ATl,['manilapio'],[],"['https://pbs.twimg.com/media/EYvrvJqVAAE4qXH.jpg', 'https://pbs.twimg.com/media/EYvrvJoUYAATDa4.jpg', 'https://pbs.twimg.com/media/EYvrvMAU4AElgh0.jpg', 'https://pbs.twimg.com/media/EYvrvJxU8AASOsk.jpg']",0,0,0,[],[],https://twitter.com/ArkitekTolits/status/1264363334637240320,False,,0,,"14.611304,121.012901,200km",,,,,"[{'user_id': '798534593032794112', 'username': 'ArkitekTolits'}, {'user_id': '1134487806359719938', 'username': 'ManilaPIO'}]",,,,
1264292636648603649,1264220330731528197,1590265828000,2020-05-24,04:30:28,Malay Peninsula Standard Time,902315212212015105,kabaklaan_mo,A sucker for hot evil women.,,HAHAHAHAHAHAHHA damnnn manila pio went gard,['manilapio'],[],[],1,0,1,[],[],https://twitter.com/kabaklaan_mo/status/1264292636648603649,False,,0,,"14.611304,121.012901,200km",,,,,"[{'user_id': '902315212212015105', 'username': 'kabaklaan_mo'}, {'user_id': '1134487806359719938', 'username': 'ManilaPIO'}]",,,,
1264146576907198464,1264146576907198464,1590231005000,2020-05-23,18:50:05,Malay Peninsula Standard Time,798534593032794112,arkitektolits,LITO V. TABULDAN,,@ManilaPIO  programa po ba ng City of Manila itong  http://StaySafe.Ph¬† kaso po ung address hnd accurate nakaregister lang ay District 1 pero taga District 4 po ako. Sana maayos,['manilapio'],['http://StaySafe.Ph'],[],0,0,0,[],[],https://twitter.com/ArkitekTolits/status/1264146576907198464,False,,0,,"14.611304,121.012901,200km",,,,,"[{'user_id': '798534593032794112', 'username': 'ArkitekTolits'}, {'user_id': '1134487806359719938', 'username': 'ManilaPIO'}]",,,,
1264023341016297472,1264018553755197440,1590201623000,2020-05-23,10:40:23,Malay Peninsula Standard Time,798534593032794112,arkitektolits,LITO V. TABULDAN,,"Yes at 5/F. Felt it here at Sampaloc, Manila.",['manilapio'],[],[],0,0,0,[],[],https://twitter.com/ArkitekTolits/status/1264023341016297472,False,,0,,"14.611304,121.012901,200km",,,,,"[{'user_id': '798534593032794112', 'username': 'ArkitekTolits'}, {'user_id': '1134487806359719938', 'username': 'ManilaPIO'}]",,,,
1263421711505977345,1263393393628999680,1590058183000,2020-05-21,18:49:43,Malay Peninsula Standard Time,798534593032794112,arkitektolits,LITO V. TABULDAN,,"2nd wave ng City Amelioration Crisis Assistance Fund (CACAF) of City of Manila. Thank you Mayor @IskoMoreno thru P/B Andy Gomez of Bgy. 486 Zone 48.

#letsfightcovid19
#CitizenofManila
#Manile√±o pic.twitter.com/WRZUwyBCF4","['manilapio', 'iskomoreno']",[],"['https://pbs.twimg.com/media/EYiTVk8UYAAJwL5.jpg', 'https://pbs.twimg.com/media/EYiTVk_UMAEvpcZ.jpg']",0,0,1,"['#letsfightcovid19', '#citizenofmanila', '#manile√±o']",[],https://twitter.com/ArkitekTolits/status/1263421711505977345,False,,0,,"14.611304,121.012901,200km",,,,,"[{'user_id': '798534593032794112', 'username': 'ArkitekTolits'}, {'user_id': '1134487806359719938', 'username': 'ManilaPIO'}, {'user_id': '998813499714224128', 'username': 'IskoMoreno'}]",,,,
1262337592587988992,1262337017347633155,1589799709000,2020-05-18,19:01:49,Malay Peninsula Standard Time,923464060791689216,vagtas_jca,j.vagtas,,Kailangan po ba ng special pass to enter manila? Magdedeliver ng supplies sa pier coming from taguig to qc to manila to pock up and drop off.,['manilapio'],[],[],0,0,0,[],[],https://twitter.com/vagtas_jca/status/1262337592587988992,False,,0,,"14.611304,121.012901,200km",,,,,"[{'user_id': '923464060791689216', 'username': 'vagtas_jca'}, {'user_id': '1134487806359719938', 'username': 'ManilaPIO'}]",,,,
1262334094022598661,1260875757733044225,1589798875000,2020-05-18,18:47:55,Malay Peninsula Standard Time,1047737178,zmac_0720,ann macalinao,,Pa clarify po kung anu ang ibig sabihin ng 50% ONSITE para po sa CATEGORY III? Dami po kasi nalilito...salamat po,['manilapio'],[],[],0,0,0,[],[],https://twitter.com/zmac_0720/status/1262334094022598661,False,,0,,"14.611304,121.012901,200km",,,,,"[{'user_id': '1047737178', 'username': 'zmac_0720'}, {'user_id': '1134487806359719938', 'username': 'ManilaPIO'}]",,,,
1261467757364707328,1261467757364707328,1589592324000,2020-05-16,09:25:24,Malay Peninsula Standard Time,121014436,naughtyangelo,angelo_esteban,,@ManilaPIO May guidelines na po ba for mECQ for Manila?,['manilapio'],[],[],0,0,0,[],[],https://twitter.com/naughtyangelo/status/1261467757364707328,False,,0,,"14.611304,121.012901,200km",,,,,"[{'user_id': '121014436', 'username': 'naughtyangelo'}, {'user_id': '1134487806359719938', 'username': 'ManilaPIO'}]",,,,
1261379416837419008,1260875757733044225,1589571262000,2020-05-16,03:34:22,Malay Peninsula Standard Time,49894094,klparas,Lorrence Paras,,Asan po ang PRIVATES ?,['manilapio'],[],[],0,0,0,[],[],https://twitter.com/klparas/status/1261379416837419008,False,,0,,"14.611304,121.012901,200km",,,,,"[{'user_id': '49894094', 'username': 'klparas'}, {'user_id': '1134487806359719938', 'username': 'ManilaPIO'}]",,,,
1260021170025316352,1260006301356052480,1589247431000,2020-05-12,09:37:11,Malay Peninsula Standard Time,786343267696644096,sonofabch_,Son of Mithrandir üç•,,"Alot of people here dont understand the fact that the virus is here to stay..okay sige lockdown ka til December, bakit will it be quelled? 

Ngayon nakakasahod pa ang iba sa atin pero paano kung ma bangkarote ang kumpanya mo? 

Eh di isa ka na sa mga gutom..di need ng extension",['manilapio'],[],[],1,0,4,[],[],https://twitter.com/sonofabch_/status/1260021170025316352,False,,0,,"14.611304,121.012901,200km",,,,,"[{'user_id': '786343267696644096', 'username': 'sonofabch_'}, {'user_id': '1134487806359719938', 'username': 'ManilaPIO'}]",,,,
1260018602201079814,1260006301356052480,1589246819000,2020-05-12,09:26:59,Malay Peninsula Standard Time,1247606801144492032,cosa62,cosa6,,anu pa nga ba?,['manilapio'],[],[],0,0,0,[],[],https://twitter.com/cosa62/status/1260018602201079814,False,,0,,"14.611304,121.012901,200km",,,,,"[{'user_id': '1247606801144492032', 'username': 'cosa62'}, {'user_id': '1134487806359719938', 'username': 'ManilaPIO'}]",,,,
1259028995003215878,1259024989790953474,1589010878000,2020-05-09,15:54:38,Malay Peninsula Standard Time,190977737,paulomdtweets,ÿ®ŸàŸÑŸà‚Ä¢Œ†Œ±·ø¶ŒªŒøœÇ üçÄ,,"Mayor wala po pumunta dito sa amin na DSWD. 
District 6
Baranggay 641
Thank you po
‚ù§üíôüíö",['manilapio'],[],[],0,0,1,[],[],https://twitter.com/pauloMDtweets/status/1259028995003215878,False,,0,,"14.611304,121.012901,200km",,,,,"[{'user_id': '190977737', 'username': 'pauloMDtweets'}, {'user_id': '1134487806359719938', 'username': 'ManilaPIO'}]",,,,
1257445395128561666,1257445395128561666,1588633319000,2020-05-05,07:01:59,Malay Peninsula Standard Time,27469373,nettekulet,‚ô•‚ù§Nette is an ELF Carat n Wonderland‚ù§‚ô•,,@ManilaPIO @IskoMoreno pkicheck po brgy43. Ung hipag ko nkakuha nung foodbox at 1k pero ung batch n to (spag) wala n sya sa listahan. Gusto ko sila iquestion bkit biglang nwala ung name nya sa list. It's either someone deleted her deliberately or someone took her pack.,"['manilapio', 'iskomoreno']",[],[],1,0,0,[],[],https://twitter.com/NetteKulet/status/1257445395128561666,False,,0,,"14.611304,121.012901,200km",,,,,"[{'user_id': '27469373', 'username': 'NetteKulet'}, {'user_id': '1134487806359719938', 'username': 'ManilaPIO'}, {'user_id': '998813499714224128', 'username': 'IskoMoreno'}]",,,,
1256557331493445634,1256557331493445634,1588421588000,2020-05-02,20:13:08,Malay Peninsula Standard Time,841887593230946304,flibrojo,Francis Librojo,,@ManilaPIO can you send rescue ops at paco park. Too many homeless sleeping at the sidewalk during ecq,['manilapio'],[],[],0,0,0,[],[],https://twitter.com/FLibrojo/status/1256557331493445634,False,,0,,"14.611304,121.012901,200km",,,,,"[{'user_id': '841887593230946304', 'username': 'FLibrojo'}, {'user_id': '1134487806359719938', 'username': 'ManilaPIO'}]",,,,
1256169760070307840,1254964682944741378,1588329183000,2020-05-01,18:33:03,Malay Peninsula Standard Time,1179917916558352384,mayvette43,mayvette43@yahoo.com,,Sana all dito ang aga ng inuman nasa labas pa cla.wala na bang maghuhuli?,['manilapio'],[],[],0,0,0,[],[],https://twitter.com/mayvette43/status/1256169760070307840,False,,0,,"14.611304,121.012901,200km",,,,,"[{'user_id': '1179917916558352384', 'username': 'mayvette43'}, {'user_id': '1134487806359719938', 'username': 'ManilaPIO'}]",,,,
1264569920605442049,1264569634079903747,1590331938000,2020-05-24,22:52:18,Malay Peninsula Standard Time,4718284824,dyeymsandru,#ReviseAntiTerrorBill #NoToIrresponsibleJournalism,,"To Yorme, kung sakali pong mag-GCQ na ang NCR after May 31, paki-recommend niyo po sana na pwedeng pumunta yung mga nakadorm sa ubelt para kumuha ng mga gamit. Naiwan po kasi namin yung mga gamit namin do‚Äôn before ECQ, eh. Sana po mapansin niyo ito. Thank you ü§ó",['manilapio'],[],[],0,0,0,[],[],https://twitter.com/dyeymsandru/status/1264569920605442049,False,,0,,"14.611304,121.012901,200km",,,,,"[{'user_id': '4718284824', 'username': 'dyeymsandru'}, {'user_id': '1134487806359719938', 'username': 'ManilaPIO'}]",,,,
1264363612778360832,1264363612778360832,1590282750000,2020-05-24,09:12:30,Malay Peninsula Standard Time,798534593032794112,arkitektolits,LITO V. TABULDAN,,@ManilaPIO cont. po pic.twitter.com/i4AkMfeRwf,['manilapio'],[],"['https://pbs.twimg.com/media/EYvr_7aVAAARO_9.jpg', 'https://pbs.twimg.com/media/EYvr_7wUYAAuzLB.jpg', 'https://pbs.twimg.com/media/EYvr_8bUcAAAER6.jpg', 'https://pbs.twimg.com/media/EYvr_9BVAAAzwhi.jpg']",0,0,0,[],[],https://twitter.com/ArkitekTolits/status/1264363612778360832,False,,0,,"14.611304,121.012901,200km",,,,,"[{'user_id': '798534593032794112', 'username': 'ArkitekTolits'}, {'user_id': '1134487806359719938', 'username': 'ManilaPIO'}]",,,,
1264363334637240320,1264363334637240320,1590282684000,2020-05-24,09:11:24,Malay Peninsula Standard Time,798534593032794112,arkitektolits,LITO V. TABULDAN,,@ManilaPIO just sharing a post from my friend. Something wrong with Bgy.97 in Tondo Manila pic.twitter.com/PTqu657ATl,['manilapio'],[],"['https://pbs.twimg.com/media/EYvrvJqVAAE4qXH.jpg', 'https://pbs.twimg.com/media/EYvrvJoUYAATDa4.jpg', 'https://pbs.twimg.com/media/EYvrvMAU4AElgh0.jpg', 'https://pbs.twimg.com/media/EYvrvJxU8AASOsk.jpg']",0,0,0,[],[],https://twitter.com/ArkitekTolits/status/1264363334637240320,False,,0,,"14.611304,121.012901,200km",,,,,"[{'user_id': '798534593032794112', 'username': 'ArkitekTolits'}, {'user_id': '1134487806359719938', 'username': 'ManilaPIO'}]",,,,
1264292636648603649,1264220330731528197,1590265828000,2020-05-24,04:30:28,Malay Peninsula Standard Time,902315212212015105,kabaklaan_mo,A sucker for hot evil women.,,HAHAHAHAHAHAHHA damnnn manila pio went gard,['manilapio'],[],[],1,0,1,[],[],https://twitter.com/kabaklaan_mo/status/1264292636648603649,False,,0,,"14.611304,121.012901,200km",,,,,"[{'user_id': '902315212212015105', 'username': 'kabaklaan_mo'}, {'user_id': '1134487806359719938', 'username': 'ManilaPIO'}]",,,,
1264146576907198464,1264146576907198464,1590231005000,2020-05-23,18:50:05,Malay Peninsula Standard Time,798534593032794112,arkitektolits,LITO V. TABULDAN,,@ManilaPIO  programa po ba ng City of Manila itong  http://StaySafe.Ph¬† kaso po ung address hnd accurate nakaregister lang ay District 1 pero taga District 4 po ako. Sana maayos,['manilapio'],['http://StaySafe.Ph'],[],0,0,0,[],[],https://twitter.com/ArkitekTolits/status/1264146576907198464,False,,0,,"14.611304,121.012901,200km",,,,,"[{'user_id': '798534593032794112', 'username': 'ArkitekTolits'}, {'user_id': '1134487806359719938', 'username': 'ManilaPIO'}]",,,,
1264023341016297472,1264018553755197440,1590201623000,2020-05-23,10:40:23,Malay Peninsula Standard Time,798534593032794112,arkitektolits,LITO V. TABULDAN,,"Yes at 5/F. Felt it here at Sampaloc, Manila.",['manilapio'],[],[],0,0,0,[],[],https://twitter.com/ArkitekTolits/status/1264023341016297472,False,,0,,"14.611304,121.012901,200km",,,,,"[{'user_id': '798534593032794112', 'username': 'ArkitekTolits'}, {'user_id': '1134487806359719938', 'username': 'ManilaPIO'}]",,,,
1263421711505977345,1263393393628999680,1590058183000,2020-05-21,18:49:43,Malay Peninsula Standard Time,798534593032794112,arkitektolits,LITO V. TABULDAN,,"2nd wave ng City Amelioration Crisis Assistance Fund (CACAF) of City of Manila. Thank you Mayor @IskoMoreno thru P/B Andy Gomez of Bgy. 486 Zone 48.

#letsfightcovid19
#CitizenofManila
#Manile√±o pic.twitter.com/WRZUwyBCF4","['manilapio', 'iskomoreno']",[],"['https://pbs.twimg.com/media/EYiTVk8UYAAJwL5.jpg', 'https://pbs.twimg.com/media/EYiTVk_UMAEvpcZ.jpg']",0,0,1,"['#letsfightcovid19', '#citizenofmanila', '#manile√±o']",[],https://twitter.com/ArkitekTolits/status/1263421711505977345,False,,0,,"14.611304,121.012901,200km",,,,,"[{'user_id': '798534593032794112', 'username': 'ArkitekTolits'}, {'user_id': '1134487806359719938', 'username': 'ManilaPIO'}, {'user_id': '998813499714224128', 'username': 'IskoMoreno'}]",,,,
1262337592587988992,1262337017347633155,1589799709000,2020-05-18,19:01:49,Malay Peninsula Standard Time,923464060791689216,vagtas_jca,j.vagtas,,Kailangan po ba ng special pass to enter manila? Magdedeliver ng supplies sa pier coming from taguig to qc to manila to pock up and drop off.,['manilapio'],[],[],0,0,0,[],[],https://twitter.com/vagtas_jca/status/1262337592587988992,False,,0,,"14.611304,121.012901,200km",,,,,"[{'user_id': '923464060791689216', 'username': 'vagtas_jca'}, {'user_id': '1134487806359719938', 'username': 'ManilaPIO'}]",,,,
1262334094022598661,1260875757733044225,1589798875000,2020-05-18,18:47:55,Malay Peninsula Standard Time,1047737178,zmac_0720,ann macalinao,,Pa clarify po kung anu ang ibig sabihin ng 50% ONSITE para po sa CATEGORY III? Dami po kasi nalilito...salamat po,['manilapio'],[],[],0,0,0,[],[],https://twitter.com/zmac_0720/status/1262334094022598661,False,,0,,"14.611304,121.012901,200km",,,,,"[{'user_id': '1047737178', 'username': 'zmac_0720'}, {'user_id': '1134487806359719938', 'username': 'ManilaPIO'}]",,,,
1261467757364707328,1261467757364707328,1589592324000,2020-05-16,09:25:24,Malay Peninsula Standard Time,121014436,naughtyangelo,angelo_esteban,,@ManilaPIO May guidelines na po ba for mECQ for Manila?,['manilapio'],[],[],0,0,0,[],[],https://twitter.com/naughtyangelo/status/1261467757364707328,False,,0,,"14.611304,121.012901,200km",,,,,"[{'user_id': '121014436', 'username': 'naughtyangelo'}, {'user_id': '1134487806359719938', 'username': 'ManilaPIO'}]",,,,
1261379416837419008,1260875757733044225,1589571262000,2020-05-16,03:34:22,Malay Peninsula Standard Time,49894094,klparas,Lorrence Paras,,Asan po ang PRIVATES ?,['manilapio'],[],[],0,0,0,[],[],https://twitter.com/klparas/status/1261379416837419008,False,,0,,"14.611304,121.012901,200km",,,,,"[{'user_id': '49894094', 'username': 'klparas'}, {'user_id': '1134487806359719938', 'username': 'ManilaPIO'}]",,,,
1260021170025316352,1260006301356052480,1589247431000,2020-05-12,09:37:11,Malay Peninsula Standard Time,786343267696644096,sonofabch_,Son of Mithrandir üç•,,"Alot of people here dont understand the fact that the virus is here to stay..okay sige lockdown ka til December, bakit will it be quelled? 

Ngayon nakakasahod pa ang iba sa atin pero paano kung ma bangkarote ang kumpanya mo? 

Eh di isa ka na sa mga gutom..di need ng extension",['manilapio'],[],[],1,0,4,[],[],https://twitter.com/sonofabch_/status/1260021170025316352,False,,0,,"14.611304,121.012901,200km",,,,,"[{'user_id': '786343267696644096', 'username': 'sonofabch_'}, {'user_id': '1134487806359719938', 'username': 'ManilaPIO'}]",,,,
1260018602201079814,1260006301356052480,1589246819000,2020-05-12,09:26:59,Malay Peninsula Standard Time,1247606801144492032,cosa62,cosa6,,anu pa nga ba?,['manilapio'],[],[],0,0,0,[],[],https://twitter.com/cosa62/status/1260018602201079814,False,,0,,"14.611304,121.012901,200km",,,,,"[{'user_id': '1247606801144492032', 'username': 'cosa62'}, {'user_id': '1134487806359719938', 'username': 'ManilaPIO'}]",,,,
1259028995003215878,1259024989790953474,1589010878000,2020-05-09,15:54:38,Malay Peninsula Standard Time,190977737,paulomdtweets,ÿ®ŸàŸÑŸà‚Ä¢Œ†Œ±·ø¶ŒªŒøœÇ üçÄ,,"Mayor wala po pumunta dito sa amin na DSWD. 
District 6
Baranggay 641
Thank you po
‚ù§üíôüíö",['manilapio'],[],[],0,0,1,[],[],https://twitter.com/pauloMDtweets/status/1259028995003215878,False,,0,,"14.611304,121.012901,200km",,,,,"[{'user_id': '190977737', 'username': 'pauloMDtweets'}, {'user_id': '1134487806359719938', 'username': 'ManilaPIO'}]",,,,
1257445395128561666,1257445395128561666,1588633319000,2020-05-05,07:01:59,Malay Peninsula Standard Time,27469373,nettekulet,‚ô•‚ù§Nette is an ELF Carat n Wonderland‚ù§‚ô•,,@ManilaPIO @IskoMoreno pkicheck po brgy43. Ung hipag ko nkakuha nung foodbox at 1k pero ung batch n to (spag) wala n sya sa listahan. Gusto ko sila iquestion bkit biglang nwala ung name nya sa list. It's either someone deleted her deliberately or someone took her pack.,"['manilapio', 'iskomoreno']",[],[],1,0,0,[],[],https://twitter.com/NetteKulet/status/1257445395128561666,False,,0,,"14.611304,121.012901,200km",,,,,"[{'user_id': '27469373', 'username': 'NetteKulet'}, {'user_id': '1134487806359719938', 'username': 'ManilaPIO'}, {'user_id': '998813499714224128', 'username': 'IskoMoreno'}]",,,,
1256557331493445634,1256557331493445634,1588421588000,2020-05-02,20:13:08,Malay Peninsula Standard Time,841887593230946304,flibrojo,Francis Librojo,,@ManilaPIO can you send rescue ops at paco park. Too many homeless sleeping at the sidewalk during ecq,['manilapio'],[],[],0,0,0,[],[],https://twitter.com/FLibrojo/status/1256557331493445634,False,,0,,"14.611304,121.012901,200km",,,,,"[{'user_id': '841887593230946304', 'username': 'FLibrojo'}, {'user_id': '1134487806359719938', 'username': 'ManilaPIO'}]",,,,
1256169760070307840,1254964682944741378,1588329183000,2020-05-01,18:33:03,Malay Peninsula Standard Time,1179917916558352384,mayvette43,mayvette43@yahoo.com,,Sana all dito ang aga ng inuman nasa labas pa cla.wala na bang maghuhuli?,['manilapio'],[],[],0,0,0,[],[],https://twitter.com/mayvette43/status/1256169760070307840,False,,0,,"14.611304,121.012901,200km",,,,,"[{'user_id': '1179917916558352384', 'username': 'mayvette43'}, {'user_id': '1134487806359719938', 'username': 'ManilaPIO'}]",,,,
1266875670291873793,1266709559327862785,1590881671000,2020-05-31,07:34:31,Malay Peninsula Standard Time,1039176096980168705,mariejo98202624,Mariejo...SOLID ALDEN FAN....üòä‚òùÔ∏è..,,üòÇüòÇüòÇ......natatakam na cla YORME @IskoMoreno  kaya atat na atat na....buhay parang lifeüòúü§≠....,"['manilapio', 'iskomoreno']",[],[],0,0,1,[],[],https://twitter.com/Mariejo98202624/status/1266875670291873793,False,,0,,,,,,,"[{'user_id': '1039176096980168705', 'username': 'Mariejo98202624'}, {'user_id': '1134487806359719938', 'username': 'ManilaPIO'}, {'user_id': '998813499714224128', 'username': 'IskoMoreno'}]",,,,
1266820488682070016,1266709559327862785,1590868515000,2020-05-31,03:55:15,Malay Peninsula Standard Time,1031871229018267649,mitziestuche,Aldub for ever,,thanks yorme..wag na muna ..o kaya forever na wla na alak..‚úåüòÅ,"['manilapio', 'iskomoreno']",[],[],0,0,1,[],[],https://twitter.com/MitziEstuche/status/1266820488682070016,False,,0,,,,,,,"[{'user_id': '1031871229018267649', 'username': 'MitziEstuche'}, {'user_id': '1134487806359719938', 'username': 'ManilaPIO'}, {'user_id': '998813499714224128', 'username': 'IskoMoreno'}]",,,,
1266816135636250627,1266709559327862785,1590867477000,2020-05-31,03:37:57,Malay Peninsula Standard Time,1107674680700235777,deokmanjho,Deokman_jho@yahoo.com,,Pero yorme meron pa din pong nagbebenta ng alak ung iba palihim,"['manilapio', 'iskomoreno']",[],[],0,0,0,[],[],https://twitter.com/DeokmanJho/status/1266816135636250627,False,,0,,,,,,,"[{'user_id': '1107674680700235777', 'username': 'DeokmanJho'}, {'user_id': '1134487806359719938', 'username': 'ManilaPIO'}, {'user_id': '998813499714224128', 'username': 'IskoMoreno'}]",,,,
1266810654054248448,1266709559327862785,1590866170000,2020-05-31,03:16:10,Malay Peninsula Standard Time,2854271077,minnievhalie,Ma. Valerie Reputas,,Tama yan yorme! üëç,"['manilapio', 'iskomoreno']",[],[],0,0,0,[],[],https://twitter.com/MinnieVhalie/status/1266810654054248448,False,,0,,,,,,,"[{'user_id': '2854271077', 'username': 'MinnieVhalie'}, {'user_id': '1134487806359719938', 'username': 'ManilaPIO'}, {'user_id': '998813499714224128', 'username': 'IskoMoreno'}]",,,,
1266740755390885890,1266709559327862785,1590849505000,2020-05-30,22:38:25,Malay Peninsula Standard Time,2820060210,justagirl0704,justagirl,,Good decision yorme! Para wala lasing sa kalsada!,"['manilapio', 'iskomoreno']",[],[],1,0,5,[],[],https://twitter.com/Justagirl0704/status/1266740755390885890,False,,0,,,,,,,"[{'user_id': '2820060210', 'username': 'Justagirl0704'}, {'user_id': '1134487806359719938', 'username': 'ManilaPIO'}, {'user_id': '998813499714224128', 'username': 'IskoMoreno'}]",,,,
1266721519461257217,1266714310039879680,1590844919000,2020-05-30,21:21:59,Malay Peninsula Standard Time,265399303,sweetydivine16,divi,,"Thanks yorme amidst d pandemic, still you care for our seniors..  pic.twitter.com/pwrri8kFHJ",['manilapio'],[],['https://pbs.twimg.com/media/EZRMftRUEAIbfw-.jpg'],0,0,0,[],[],https://twitter.com/sweetydivine16/status/1266721519461257217,False,,0,,,,,,,"[{'user_id': '265399303', 'username': 'sweetydivine16'}, {'user_id': '1134487806359719938', 'username': 'ManilaPIO'}]",,,,
1266713570932224001,1266709559327862785,1590843024000,2020-05-30,20:50:24,Malay Peninsula Standard Time,3492782592,marierhodalyn,malyn,,Mabuti pa si yorme @IskoMoreno alam na hindi priority ang alaküëèüèªüëèüèªüëèüèª,"['manilapio', 'iskomoreno']",[],[],0,0,3,[],[],https://twitter.com/MarieRhodalyn/status/1266713570932224001,False,,0,,,,,,,"[{'user_id': '3492782592', 'username': 'MarieRhodalyn'}, {'user_id': '1134487806359719938', 'username': 'ManilaPIO'}, {'user_id': '998813499714224128', 'username': 'IskoMoreno'}]",,,,
1266641645329510400,1266639655421669376,1590825875000,2020-05-30,16:04:35,Malay Peninsula Standard Time,778115450,arnalf2k,Chislon Kit,,"napakaganda po Yorme. i hope lalagyan nyo rin yan ng cctv to monitor, o taong puede magtanod daily para protektahan ito. sayang po kung sisirain lang ng mga vandals.","['manilapio', 'iskomoreno']",[],[],0,0,1,[],[],https://twitter.com/arnalf2k/status/1266641645329510400,False,,0,,,,,,,"[{'user_id': '778115450', 'username': 'arnalf2k'}, {'user_id': '1134487806359719938', 'username': 'ManilaPIO'}, {'user_id': '998813499714224128', 'username': 'IskoMoreno'}]",,,,
1266211452030865408,1265890721711546370,1590723309000,2020-05-29,11:35:09,Malay Peninsula Standard Time,1243557858102464512,chungdenzeal,Denzeal Chung,,Yorme is a mood üòÇ,"['manilapio', 'iskomoreno']",[],[],0,0,0,[],[],https://twitter.com/ChungDenzeal/status/1266211452030865408,False,,0,,,,,,,"[{'user_id': '1243557858102464512', 'username': 'ChungDenzeal'}, {'user_id': '1134487806359719938', 'username': 'ManilaPIO'}, {'user_id': '998813499714224128', 'username': 'IskoMoreno'}]",,,,
1266057776192557056,1265890721711546370,1590686670000,2020-05-29,01:24:30,Malay Peninsula Standard Time,705253816535363586,jakwalus,Ÿã jacky,,"as one of the scholar of Rotary Club of Manila, natutuwa ako. the best ka talaga yorme. and thank you RCM for having such a big heart :) <3","['manilapio', 'iskomoreno']",[],[],0,0,1,[],[],https://twitter.com/jakwalus/status/1266057776192557056,False,,0,,,,,,,"[{'user_id': '705253816535363586', 'username': 'jakwalus'}, {'user_id': '1134487806359719938', 'username': 'ManilaPIO'}, {'user_id': '998813499714224128', 'username': 'IskoMoreno'}]",,,,
1265905979054452738,1265890721711546370,1590650479000,2020-05-28,15:21:19,Malay Peninsula Standard Time,1039176096980168705,mariejo98202624,Mariejo...SOLID ALDEN FAN....üòä‚òùÔ∏è..,,"Hahahahaha YORME @IskoMoreno panalo as always.....u really deserved to be loved and supported coz of ur TRANSPARENCY governance, compassionate continually with a genuine heartüëèüëèüëè","['manilapio', 'iskomoreno']",[],[],0,2,13,[],[],https://twitter.com/Mariejo98202624/status/1265905979054452738,False,,0,,,,,,,"[{'user_id': '1039176096980168705', 'username': 'Mariejo98202624'}, {'user_id': '1134487806359719938', 'username': 'ManilaPIO'}, {'user_id': '998813499714224128', 'username': 'IskoMoreno'}]",,,,
1265589438291173376,1265588851612872705,1590575010000,2020-05-27,18:23:30,Malay Peninsula Standard Time,470059042,enjieamayim,EnJieAmAyIm,,"Maganda po yan, dapat ma push yun mga green sa paligid, kahit paso paso lan Yorme!",['manilapio'],[],[],0,0,0,[],[],https://twitter.com/EnJieAmaYiM/status/1265589438291173376,False,,0,,,,,,,"[{'user_id': '470059042', 'username': 'EnJieAmaYiM'}, {'user_id': '1134487806359719938', 'username': 'ManilaPIO'}]",,,,
1265118325194887168,1264736860485455872,1590462688000,2020-05-26,11:11:28,Malay Peninsula Standard Time,1265075641965109248,garysan14058177,Gary Santos,,Para saming mga taga M.Aquino st brgy 105 mahirap mag stay at home kung walang kakainin ang aming mga pamilya at magugutom di na mabigyan ng travel pass pati ayuda na 1k wala pa rin tapos mawawala pa listahan namin sa brgy yorme mapansin mo sana kami,"['manilapio', 'iskomoreno']",[],[],0,0,0,[],[],https://twitter.com/GarySan14058177/status/1265118325194887168,False,,0,,,,,,,"[{'user_id': '1265075641965109248', 'username': 'GarySan14058177'}, {'user_id': '1134487806359719938', 'username': 'ManilaPIO'}, {'user_id': '998813499714224128', 'username': 'IskoMoreno'}]",,,,
1265069505002172422,1264871485732089857,1590451048000,2020-05-26,07:57:28,Malay Peninsula Standard Time,1120088128230805504,freethnkngpinoy,Free Thinker,,@IskoMoreno binabalewala at pinagtatawanan lang kayo ng mga sindikato sa recto. Wala daw yorme yorme sa kanila. Hindi nyo po kaya ipatigil yang kalakaran sa recto na yan,"['manilapio', 'iskomoreno']",[],[],0,0,0,[],[],https://twitter.com/FreethnkngPinoy/status/1265069505002172422,False,,0,,,,,,,"[{'user_id': '1120088128230805504', 'username': 'FreethnkngPinoy'}, {'user_id': '1134487806359719938', 'username': 'ManilaPIO'}, {'user_id': '998813499714224128', 'username': 'IskoMoreno'}]",,,,
1265054188179873792,1264871485732089857,1590447396000,2020-05-26,06:56:36,Malay Peninsula Standard Time,1039176096980168705,mariejo98202624,Mariejo...SOLID ALDEN FAN....üòä‚òùÔ∏è..,,KUDOS TO THE MPD....YAN ANG YORME ISKO MORENO DOMAGOSO ADMINISTRATION üëèüëèüëèüí™üí™üí™üëçüëçüëç @IskoMoreno ...U DA BEST YORME AND UR TEAM ü•∞,"['manilapio', 'iskomoreno']",[],[],0,0,0,[],[],https://twitter.com/Mariejo98202624/status/1265054188179873792,False,,0,,,,,,,"[{'user_id': '1039176096980168705', 'username': 'Mariejo98202624'}, {'user_id': '1134487806359719938', 'username': 'ManilaPIO'}, {'user_id': '998813499714224128', 'username': 'IskoMoreno'}]",,,,
1265025836744228864,1263480056254304257,1590440637000,2020-05-26,05:03:57,Malay Peninsula Standard Time,1252821217557372929,estropemaritess,Mary Mhey,,"Sa bgy 839 dist.6 mag iisang lingo n yorme,wala pang naiibbigay...bka po pinatutubuan pa ng bgy ung pera..sna po maaksyunN nyo YORME,",['manilapio'],[],[],0,0,0,[],[],https://twitter.com/EstropeMaritess/status/1265025836744228864,False,,0,,,,,,,"[{'user_id': '1252821217557372929', 'username': 'EstropeMaritess'}, {'user_id': '1134487806359719938', 'username': 'ManilaPIO'}]",,,,
1264885946178080768,1264871485732089857,1590407284000,2020-05-25,19:48:04,Malay Peninsula Standard Time,3246525794,smilesrvm,Eloisa C. Inocentes,,"Yorme, help please. Kailangan ba po ng brgy. Clearance para makakuha ng travel pass? Ayaw po kasi magbigay ng travel pass ang DTCA mla kahit may medical certificate na. Inconsistent rin po ang bininigay na info sa mga stranded sa Brgy. 457.","['manilapio', 'iskomoreno']",[],[],2,0,1,[],[],https://twitter.com/SMiLesRVM/status/1264885946178080768,False,,0,,,,,,,"[{'user_id': '3246525794', 'username': 'SMiLesRVM'}, {'user_id': '1134487806359719938', 'username': 'ManilaPIO'}, {'user_id': '998813499714224128', 'username': 'IskoMoreno'}]",,,,
1264875476876619777,1264871485732089857,1590404788000,2020-05-25,19:06:28,Malay Peninsula Standard Time,1063077030411948032,frank_jhude,Frank Jhude Francis,,"The notorious Recto...still going hard anf strong. Yorme is really being challenged by the crooks of Recto, let us see who will remain victorious.","['manilapio', 'iskomoreno']",[],[],0,1,0,[],[],https://twitter.com/frank_jhude/status/1264875476876619777,False,,0,,,,,,,"[{'user_id': '1063077030411948032', 'username': 'frank_jhude'}, {'user_id': '1134487806359719938', 'username': 'ManilaPIO'}, {'user_id': '998813499714224128', 'username': 'IskoMoreno'}]",,,,
1264741994816888832,1264736860485455872,1590372963000,2020-05-25,10:16:03,Malay Peninsula Standard Time,2199138230,titser_dig,Titser Dig,,Cute po Yorme @IskoMoreno !!! Galing!,"['manilapio', 'iskomoreno']",[],[],0,0,2,[],[],https://twitter.com/titser_dig/status/1264741994816888832,False,,0,,,,,,,"[{'user_id': '2199138230', 'username': 'titser_dig'}, {'user_id': '1134487806359719938', 'username': 'ManilaPIO'}, {'user_id': '998813499714224128', 'username': 'IskoMoreno'}]",,,,
1264655008257081344,1264569634079903747,1590352224000,2020-05-25,04:30:24,Malay Peninsula Standard Time,1085980607081963520,kingofspades88,King Imperial #OustCayetano #Resign/OustDUQUE,,Yorme are selling stuffs in Manila Bay allowed? take a look at this  https://youtu.be/fbSVvLd68T4¬†,['manilapio'],['https://youtu.be/fbSVvLd68T4'],[],0,0,0,[],[],https://twitter.com/kingofspades88/status/1264655008257081344,False,,0,,,,,,,"[{'user_id': '1085980607081963520', 'username': 'kingofspades88'}, {'user_id': '1134487806359719938', 'username': 'ManilaPIO'}]",,,,
1264569920605442049,1264569634079903747,1590331938000,2020-05-24,22:52:18,Malay Peninsula Standard Time,4718284824,dyeymsandru,#ReviseAntiTerrorBill #NoToIrresponsibleJournalism,,"To Yorme, kung sakali pong mag-GCQ na ang NCR after May 31, paki-recommend niyo po sana na pwedeng pumunta yung mga nakadorm sa ubelt para kumuha ng mga gamit. Naiwan po kasi namin yung mga gamit namin do‚Äôn before ECQ, eh. Sana po mapansin niyo ito. Thank you ü§ó",['manilapio'],[],[],0,0,0,[],[],https://twitter.com/dyeymsandru/status/1264569920605442049,False,,0,,,,,,,"[{'user_id': '4718284824', 'username': 'dyeymsandru'}, {'user_id': '1134487806359719938', 'username': 'ManilaPIO'}]",,,,
1264424106268581888,1264189400071540737,1590297173000,2020-05-24,13:12:53,Malay Peninsula Standard Time,544228457,meonlymebutme,MeMeMeMe,,Itutuloy parin po b ni yorme ang pasukan ngayong 24 Agosto? Sna may mabago pa,['manilapio'],[],[],0,0,0,[],[],https://twitter.com/MeOnlyMeButMe/status/1264424106268581888,False,,0,,,,,,,"[{'user_id': '544228457', 'username': 'MeOnlyMeButMe'}, {'user_id': '1134487806359719938', 'username': 'ManilaPIO'}]",,,,
1264413401100414976,1264182800447442945,1590294621000,2020-05-24,12:30:21,Malay Peninsula Standard Time,1189277378,rdpaz20,Ae rie,,"Sana buong Phils, kung kaya buong Manila? Yorme for President! Just my view, don‚Äôt crucify me trolls:-)",['manilapio'],[],[],0,0,0,[],[],https://twitter.com/rdpaz20/status/1264413401100414976,False,,0,,,,,,,"[{'user_id': '1189277378', 'username': 'rdpaz20'}, {'user_id': '1134487806359719938', 'username': 'ManilaPIO'}]",,,,
1264192939858640896,1264189400071540737,1590242059000,2020-05-23,21:54:19,Malay Peninsula Standard Time,458405273,iborjyborj,ÂÖ¨ Âºè üåª,,"Kudos sa @ManilaPIO at yorme @IskoMoreno! 

Mapapa-china oil na lang talaga ako. Bakit ganun mga mars?","['manilapio', 'iskomoreno']",[],[],0,0,0,[],[],https://twitter.com/iborjyborj/status/1264192939858640896,False,,0,,,,,,,"[{'user_id': '458405273', 'username': 'iborjyborj'}, {'user_id': '1134487806359719938', 'username': 'ManilaPIO'}, {'user_id': '998813499714224128', 'username': 'IskoMoreno'}]",,,,
1263817640524394497,1263815338379980805,1590152580000,2020-05-22,21:03:00,Malay Peninsula Standard Time,57617594,galivaliente,Galileo ·úÑ·úé·úí Valiente,,"Salamat Yorme @IskoMoreno  sa malasakit!

Oist kayong mga ibang ciudad/bayan, ano pa ang inyong dahilan para hindi mag-computerize.","['manilapio', 'iskomoreno']",[],[],0,0,0,[],[],https://twitter.com/galivaliente/status/1263817640524394497,False,,0,,,,,,,"[{'user_id': '57617594', 'username': 'galivaliente'}, {'user_id': '1134487806359719938', 'username': 'ManilaPIO'}, {'user_id': '998813499714224128', 'username': 'IskoMoreno'}]",,,,
1263783003978780673,1263091613972090880,1590144322000,2020-05-22,18:45:22,Malay Peninsula Standard Time,1066239111206301697,ugotmebear,J,,"Yorme, may tanong po ako para sa senior citizen same lang ba ung social pension at yung social amelioration ngaun dahil may covid-19? Salamat sa pagexplain","['manilapio', 'iskomoreno']",[],[],0,0,0,[],[],https://twitter.com/UgotmeBear/status/1263783003978780673,False,,0,,,,,,,"[{'user_id': '1066239111206301697', 'username': 'UgotmeBear'}, {'user_id': '1134487806359719938', 'username': 'ManilaPIO'}, {'user_id': '998813499714224128', 'username': 'IskoMoreno'}]",,,,
1263429405264670720,1263107188341407749,1590060018000,2020-05-21,19:20:18,Malay Peninsula Standard Time,1066239111206301697,ugotmebear,J,,"Yorme, cash assistance po sa PWD wala parin..paano na yan?",['manilapio'],[],[],0,0,0,[],[],https://twitter.com/UgotmeBear/status/1263429405264670720,False,,0,,,,,,,"[{'user_id': '1066239111206301697', 'username': 'UgotmeBear'}, {'user_id': '1134487806359719938', 'username': 'ManilaPIO'}]",,,,
1263298095040786432,1263107188341407749,1590028711000,2020-05-21,10:38:31,Malay Peninsula Standard Time,1269077623,rodeliojulian,Rodelio Julian,,"Yorme Isko kelan po kaya makakabiyahe ang puv, tricycle at mga bus? Salamat po.",['manilapio'],[],[],0,0,0,[],[],https://twitter.com/RodelioJulian/status/1263298095040786432,False,,0,,,,,,,"[{'user_id': '1269077623', 'username': 'RodelioJulian'}, {'user_id': '1134487806359719938', 'username': 'ManilaPIO'}]",,,,
1263025550085382146,1263025550085382146,1589963731000,2020-05-20,16:35:31,Malay Peninsula Standard Time,737629917232300032,miggyjayson,Miggy,,"@ManilaPIO @IskoMoreno Yorme, sanctioned nyo po ba ang towing activity ng MTPB sa old sta mesa? Di po ba discouraged ang pag-alis ng mga tao? Yun mga private cars at passenger jeepneys na nakapark ngayun dahil MECQ, saan pupunta? #alertomanileno #COVID19PH","['manilapio', 'iskomoreno']",[],[],0,0,0,"['#alertomanileno', '#covid19ph']",[],https://twitter.com/miggyjayson/status/1263025550085382146,False,,0,,,,,,,"[{'user_id': '737629917232300032', 'username': 'miggyjayson'}, {'user_id': '1134487806359719938', 'username': 'ManilaPIO'}, {'user_id': '998813499714224128', 'username': 'IskoMoreno'}]",,,,
1263024717130133504,1263024717130133504,1589963533000,2020-05-20,16:32:13,Malay Peninsula Standard Time,737629917232300032,miggyjayson,Miggy,,"@ManilaPIO Yorme, sanctioned nyo po ba ang towing activity ng MTPB sa old sta mesa? Di po ba discouraged ang pag-alis ng mga tao? Yun mga private cars at passenger jeepneys na nakapark ngayun dahil MECQ, saan pupunta?",['manilapio'],[],[],0,0,0,[],[],https://twitter.com/miggyjayson/status/1263024717130133504,False,,0,,,,,,,"[{'user_id': '737629917232300032', 'username': 'miggyjayson'}, {'user_id': '1134487806359719938', 'username': 'ManilaPIO'}]",,,,
1262316468726673408,1262316468726673408,1589794673000,2020-05-18,17:37:53,Malay Peninsula Standard Time,900342083512291329,hettyreinoso,PhortaBeLs,,@ManilaPIO Yorme sana po yung sa cash na matatanggap ng mga solo parent monthly eh sana po mabigay na din para makatulong sa mga gastusin namin.,['manilapio'],[],[],0,0,0,[],[],https://twitter.com/Hettyreinoso/status/1262316468726673408,False,,0,,,,,,,"[{'user_id': '900342083512291329', 'username': 'Hettyreinoso'}, {'user_id': '1134487806359719938', 'username': 'ManilaPIO'}]",,,,
1262316253626036224,1261955460648722432,1589794622000,2020-05-18,17:37:02,Malay Peninsula Standard Time,900342083512291329,hettyreinoso,PhortaBeLs,,Yorme sana po yung sa cash na matatanggap ng mga solo parent monthly eh sana po mabigay na din para makatulong sa mga gastusin namin.,['manilapio'],[],[],1,0,0,[],[],https://twitter.com/Hettyreinoso/status/1262316253626036224,False,,0,,,,,,,"[{'user_id': '900342083512291329', 'username': 'Hettyreinoso'}, {'user_id': '1134487806359719938', 'username': 'ManilaPIO'}]",,,,
1262022253979422720,1261955460648722432,1589724527000,2020-05-17,22:08:47,Malay Peninsula Standard Time,3579884725,sejj22,tian,,Yorme yung SAP po dito sa Brgy 438 sa sampaloc. Wala parin po. Tagal na po naming nag hihintay. Di po kami mayaman üòÇ,['manilapio'],[],[],0,0,0,[],[],https://twitter.com/Sejj22/status/1262022253979422720,False,,0,,,,,,,"[{'user_id': '3579884725', 'username': 'Sejj22'}, {'user_id': '1134487806359719938', 'username': 'ManilaPIO'}]",,,,
1261156670945628160,1261140617297424384,1589518156000,2020-05-15,12:49:16,Malay Peninsula Standard Time,1182602205100007425,nora_villaflor,Nora Villaflor,,Hingi kmi yorme üòä,['manilapio'],[],[],0,0,0,[],[],https://twitter.com/nora_villaflor/status/1261156670945628160,False,,0,,,,,,,"[{'user_id': '1182602205100007425', 'username': 'nora_villaflor'}, {'user_id': '1134487806359719938', 'username': 'ManilaPIO'}]",,,,
1260963722865963008,1260957575484338176,1589472153000,2020-05-15,00:02:33,Malay Peninsula Standard Time,1173168874461655040,regie70576645,Regie,,"Sana po maipaabot ni Yorme sa IATF at sa Pres na sana matigil muna yong 7% yearly increase sa mga apartment kc sobrang hirap po samin na sa ofw lng umaasa. Gaya ng mga bussiness, hirap din po kami. Sana bigyan din po kami ng pagkktaon po munang bumangon din. Ty po.",['manilapio'],[],[],0,0,0,[],[],https://twitter.com/Regie70576645/status/1260963722865963008,False,,0,,,,,,,"[{'user_id': '1173168874461655040', 'username': 'Regie70576645'}, {'user_id': '1134487806359719938', 'username': 'ManilaPIO'}]",,,,
1260803966960463873,1260803966960463873,1589434064000,2020-05-14,13:27:44,Malay Peninsula Standard Time,2556418634,imfordjkd,maica,,@ManilaPIO yorme kapag may bagyo  po ba pwede rin magkaron ng  online class suspension??,['manilapio'],[],[],0,0,0,[],[],https://twitter.com/imfordjkd/status/1260803966960463873,False,,0,,,,,,,"[{'user_id': '2556418634', 'username': 'imfordjkd'}, {'user_id': '1134487806359719938', 'username': 'ManilaPIO'}]",,,,
1260757930195861505,1257877829468880896,1589423088000,2020-05-14,10:24:48,Malay Peninsula Standard Time,4001339292,mhaecp,Maila,,Barangay 340 po hanggang ngayon di pa din maipaliwanag kung ano nangyari sa hindi nabigyan ng CACAF. sinabi po ng chairman di daw nyo inaprubahan yung additional list which is contrast sa mga live feed nyo Yorme.,['manilapio'],[],[],0,0,0,[],[],https://twitter.com/mhaecp/status/1260757930195861505,False,,0,,,,,,,"[{'user_id': '4001339292', 'username': 'mhaecp'}, {'user_id': '1134487806359719938', 'username': 'ManilaPIO'}]",,,,
1260435519240093700,1260268503296282625,1589346220000,2020-05-13,13:03:40,Malay Peninsula Standard Time,1246685188521783297,zia10228040,zia,,Yorme malamang Alam mo na yung mga balita na ginagamit ni alleged Francis Leo Marcos name mo para manloko. Baka nmn pede paki linaw ang issue na to para Di na sha maka pang Loko. Edited daw video mo saying 25 sacks of rice Lang binigay nya. 250 daw yung totoo.,['manilapio'],[],[],0,0,1,[],[],https://twitter.com/zia10228040/status/1260435519240093700,False,,0,,,,,,,"[{'user_id': '1246685188521783297', 'username': 'zia10228040'}, {'user_id': '1134487806359719938', 'username': 'ManilaPIO'}]",,,,
1260211554135371777,1255143536598515719,1589292822000,2020-05-12,22:13:42,Malay Peninsula Standard Time,1184101997575696384,doy681,doy68,,"lodi yorme, itanong ko lang po kung yung ipinamigay nyo na relief na may kasamang spaghetti noodles ay sa lahat po ba yun ng Brgy? kasi dito sa brgy 584 ay wala naman ganyan na relief.","['manilapio', 'iskomoreno']",[],[],0,0,0,[],[],https://twitter.com/doy681/status/1260211554135371777,False,,0,,,,,,,"[{'user_id': '1184101997575696384', 'username': 'doy681'}, {'user_id': '1134487806359719938', 'username': 'ManilaPIO'}, {'user_id': '998813499714224128', 'username': 'IskoMoreno'}]",,,,
1260026354201792513,1260006301356052480,1589248667000,2020-05-12,09:57:47,Malay Peninsula Standard Time,1070581000994844672,tantanlig,nonoyatan,,Salamat Yorme akala ko tlga favor ka sa extension ng ECQ.,"['manilapio', 'iskomoreno']",[],[],0,0,0,[],[],https://twitter.com/tantanlig/status/1260026354201792513,False,,0,,,,,,,"[{'user_id': '1070581000994844672', 'username': 'tantanlig'}, {'user_id': '1134487806359719938', 'username': 'ManilaPIO'}, {'user_id': '998813499714224128', 'username': 'IskoMoreno'}]",,,,
1260017767484256256,1260006301356052480,1589246620000,2020-05-12,09:23:40,Malay Peninsula Standard Time,1189277378,rdpaz20,Ae rie,,"Yorme, your hardwork for 2 months will go down the drain if ECQ is lifted prematurely. 2nd wave with a vengeance.",['manilapio'],[],[],2,0,26,[],[],https://twitter.com/rdpaz20/status/1260017767484256256,False,,0,,,,,,,"[{'user_id': '1189277378', 'username': 'rdpaz20'}, {'user_id': '1134487806359719938', 'username': 'ManilaPIO'}]",,,,
1260008712355233792,1260006301356052480,1589244461000,2020-05-12,08:47:41,Malay Peninsula Standard Time,243812020,iamcharm2486,Charm,,"Yorme, ang kelangan po natin ay MASS TESTING hindi puro ecq. Kulang na kulang ang mass testing",['manilapio'],[],[],2,0,20,[],[],https://twitter.com/iamcharm2486/status/1260008712355233792,False,,0,,,,,,,"[{'user_id': '243812020', 'username': 'iamcharm2486'}, {'user_id': '1134487806359719938', 'username': 'ManilaPIO'}]",,,,
1259741004220911617,1259740763493027840,1589180634000,2020-05-11,15:03:54,Malay Peninsula Standard Time,328469457,ixiangtbm,Trixia‚ú®,,"Yorme, kahit isang piraso lang...baka namanü§ó pa-mother's day mo na",['manilapio'],[],[],0,0,1,[],[],https://twitter.com/ixiangTBM/status/1259741004220911617,False,,0,,,,,,,"[{'user_id': '328469457', 'username': 'ixiangTBM'}, {'user_id': '1134487806359719938', 'username': 'ManilaPIO'}]",,,,
1259730474538164224,1259716421610692613,1589178124000,2020-05-11,14:22:04,Malay Peninsula Standard Time,1174223207429300224,clydetamay0_8,clyde,,"Di man lang namin naramdaman sa district 1 ang sap üòî,nawalan pa naman ng work ang kaptid q at buntis at may 2 anak,sana naman yorme mabgyan sila pagkakataon dahil kailangan nila ng ayauda",['manilapio'],[],[],0,0,0,[],[],https://twitter.com/ClydeTamay0_8/status/1259730474538164224,False,,0,,,,,,,"[{'user_id': '1174223207429300224', 'username': 'ClydeTamay0_8'}, {'user_id': '1134487806359719938', 'username': 'ManilaPIO'}]",,,,
1259306512746287106,1259024989790953474,1589077044000,2020-05-10,10:17:24,Malay Peninsula Standard Time,1252396002369138693,jasminerojo2,jasminerojo,,transparency yorme. post nyo po kung saang brgy at magkano binigay.,['manilapio'],[],[],0,0,0,[],[],https://twitter.com/jasminerojo2/status/1259306512746287106,False,,0,,,,,,,"[{'user_id': '1252396002369138693', 'username': 'jasminerojo2'}, {'user_id': '1134487806359719938', 'username': 'ManilaPIO'}]",,,,
1259102058642157568,1259024989790953474,1589028298000,2020-05-09,20:44:58,Malay Peninsula Standard Time,1243524940835381249,jeffpad89598031,Jeff Padilla,,"Yorme sa amin po sa Barangay 526, wala pa po,,",['manilapio'],[],[],0,0,0,[],[],https://twitter.com/JeffPad89598031/status/1259102058642157568,False,,0,,,,,,,"[{'user_id': '1243524940835381249', 'username': 'JeffPad89598031'}, {'user_id': '1134487806359719938', 'username': 'ManilaPIO'}]",,,,
1259053988797771776,1259024989790953474,1589016837000,2020-05-09,17:33:57,Malay Peninsula Standard Time,2820060210,justagirl0704,justagirl,,"@IskoMoreno Yorme,  dito rin po sa barangay 782 zone 85 wala DSWD. Ang sabi ng chairman namin disqualified daw ang barangay namin! Hindi po ba dapat lahat bibigyan kahit middle class? Kahit nakatira sa malaki bahay nauubusan din ng budget. Tao din po kami, nagugutom! üò¢üò≠","['manilapio', 'iskomoreno']",[],[],0,0,0,[],[],https://twitter.com/Justagirl0704/status/1259053988797771776,False,,0,,,,,,,"[{'user_id': '2820060210', 'username': 'Justagirl0704'}, {'user_id': '1134487806359719938', 'username': 'ManilaPIO'}, {'user_id': '998813499714224128', 'username': 'IskoMoreno'}]",,,,
1258780102990524416,1257562501111115777,1588951538000,2020-05-08,23:25:38,Malay Peninsula Standard Time,876233851441262598,hildamorana,Hilda V. Morana,,Yorme sa brgy 628 sta mesa manila bakit hindi pd bigyan ng quarantine pass kapag mag isa ka lang sa bahay at wala kasama kahit isang kapamilya? Pabor sa amin ito kung mag aasign sila ng kawani ng brgy na mag aasikaso ng basic needs namin.,['manilapio'],[],[],0,0,0,[],[],https://twitter.com/HildaMorana/status/1258780102990524416,False,,0,,,,,,,"[{'user_id': '876233851441262598', 'username': 'HildaMorana'}, {'user_id': '1134487806359719938', 'username': 'ManilaPIO'}]",,,,
1258756921189822464,1258378691509284867,1588946011000,2020-05-08,21:53:31,Malay Peninsula Standard Time,503876603,honey_galvez,Honey,,Yorme! Botante kme ng Maynila ang Nanay ko ay isang Dialysis patient nagbigay po kayo ng ayuda pra sa mga pwd ask ko lng po kung maaari prin po ba makuha ang nanay ko kht lumipat na kme ng bhy pero updated voters po kme sa Maynila @ManilaPIO @IskoMoreno,"['manilapio', 'iskomoreno', 'tvpatrol', 'abscbnnews']",[],[],0,0,0,[],[],https://twitter.com/honey_galvez/status/1258756921189822464,False,,0,,,,,,,"[{'user_id': '503876603', 'username': 'honey_galvez'}, {'user_id': '1134487806359719938', 'username': 'ManilaPIO'}, {'user_id': '998813499714224128', 'username': 'IskoMoreno'}, {'user_id': '154426751', 'username': 'TVPatrol'}, {'user_id': '15872418', 'username': 'ABSCBNNews'}]",,,,
1258752881936576513,1257562501111115777,1588945048000,2020-05-08,21:37:28,Malay Peninsula Standard Time,876233851441262598,hildamorana,Hilda V. Morana,,"Yorme pakigising ang brgy captain namin sa brgy 628 sta mesa manila. Wala na nga tulong kundi 4 na kilo ng bigas, bawal pa bigyan ng quarantine pass kapag mag isa ka lang sa bahay","['manilapio', 'iskomoreno']",[],[],0,0,0,[],[],https://twitter.com/HildaMorana/status/1258752881936576513,False,,0,,,,,,,"[{'user_id': '876233851441262598', 'username': 'HildaMorana'}, {'user_id': '1134487806359719938', 'username': 'ManilaPIO'}, {'user_id': '998813499714224128', 'username': 'IskoMoreno'}]",,,,
1258752329857130496,1257877829468880896,1588944916000,2020-05-08,21:35:16,Malay Peninsula Standard Time,876233851441262598,hildamorana,Hilda V. Morana,,Yorme hindi ako naghahangad ng relief dahil alam ko mas marami ang higit na nangagailangan. Pero pati ba naman quarantine pass ipagkakait pa sa akin dahil mag isa lamang ako sa bahay?,"['manilapio', 'iskomoreno']",[],[],0,0,0,[],[],https://twitter.com/HildaMorana/status/1258752329857130496,False,,0,,,,,,,"[{'user_id': '876233851441262598', 'username': 'HildaMorana'}, {'user_id': '1134487806359719938', 'username': 'ManilaPIO'}, {'user_id': '998813499714224128', 'username': 'IskoMoreno'}]",,,,
1258751803178414083,1257562501111115777,1588944791000,2020-05-08,21:33:11,Malay Peninsula Standard Time,876233851441262598,hildamorana,Hilda V. Morana,,#brgy628 sta mesa manila. Yorme totoo poba na may kautusan hindi dapat bigyan ng quarantine pass kung mag isa ka lang sa bahay at walang kasamang pamilya? Kung meron sila naka- assign na opisyal ng brgy na tutulong mag asikaso ng basic needs namin tatanggapin ko na wala ako pass.,"['manilapio', 'iskomoreno']",[],[],0,0,0,['#brgy628'],[],https://twitter.com/HildaMorana/status/1258751803178414083,False,,0,,,,,,,"[{'user_id': '876233851441262598', 'username': 'HildaMorana'}, {'user_id': '1134487806359719938', 'username': 'ManilaPIO'}, {'user_id': '998813499714224128', 'username': 'IskoMoreno'}]",,,,
1258751615672020992,1257877829468880896,1588944746000,2020-05-08,21:32:26,Malay Peninsula Standard Time,876233851441262598,hildamorana,Hilda V. Morana,,#brgy628 sta mesa manila. Yorme totoo poba na may kautusan hindi dapat bigyan ng quarantine pass kung mag isa ka lang sa bahay at walang kasamang pamilya? Kung meron sila naka- assign na opisyal ng brgy na tutulong mag asikaso ng basic needs namin tatanggapin ko na wala ako pass.,"['manilapio', 'iskomoreno']",[],[],0,0,0,['#brgy628'],[],https://twitter.com/HildaMorana/status/1258751615672020992,False,,0,,,,,,,"[{'user_id': '876233851441262598', 'username': 'HildaMorana'}, {'user_id': '1134487806359719938', 'username': 'ManilaPIO'}, {'user_id': '998813499714224128', 'username': 'IskoMoreno'}]",,,,
1258751526568210438,1257877829468880896,1588944725000,2020-05-08,21:32:05,Malay Peninsula Standard Time,876233851441262598,hildamorana,Hilda V. Morana,,#brgy628 sta mesa manila. Yorme totoo poba na may kautusan hindi dapat bigyan ng quarantine pass kung mag isa ka lang sa bahay at walang kasamang pamilya? Kung meron sila naka- assign na opisyal ng brgy na tutulong mag asikaso ng basic needs namin tatanggapin ko na wala ako pass.,"['manilapio', 'iskomoreno']",[],[],0,0,0,['#brgy628'],[],https://twitter.com/HildaMorana/status/1258751526568210438,False,,0,,,,,,,"[{'user_id': '876233851441262598', 'username': 'HildaMorana'}, {'user_id': '1134487806359719938', 'username': 'ManilaPIO'}, {'user_id': '998813499714224128', 'username': 'IskoMoreno'}]",,,,
1258751211970236421,1257877829468880896,1588944650000,2020-05-08,21:30:50,Malay Peninsula Standard Time,876233851441262598,hildamorana,Hilda V. Morana,,#brgy628 sta mesa manila. Yorme totoo poba na may kautusan hindi dapat bigyan ng quarantine pass kung mag isa ka lang sa bahay at walang kasamang pamilya? Wala naman sila naka- assign na opisyal ng brgy na tutulong mag asikaso ng basic needs namin,"['manilapio', 'iskomoreno']",[],[],0,0,0,['#brgy628'],[],https://twitter.com/HildaMorana/status/1258751211970236421,False,,0,,,,,,,"[{'user_id': '876233851441262598', 'username': 'HildaMorana'}, {'user_id': '1134487806359719938', 'username': 'ManilaPIO'}, {'user_id': '998813499714224128', 'username': 'IskoMoreno'}]",,,,
1258750881710788609,1257877829468880896,1588944571000,2020-05-08,21:29:31,Malay Peninsula Standard Time,876233851441262598,hildamorana,Hilda V. Morana,,#brgy628 sta mesa manila. Yorme totoo poba na may kautusan hindi dapat bigyan ng quarantine pass kung mag isa ka lang sa bahay at walang kasamang pamilya?,"['manilapio', 'iskomoreno']",[],[],0,0,0,['#brgy628'],[],https://twitter.com/HildaMorana/status/1258750881710788609,False,,0,,,,,,,"[{'user_id': '876233851441262598', 'username': 'HildaMorana'}, {'user_id': '1134487806359719938', 'username': 'ManilaPIO'}, {'user_id': '998813499714224128', 'username': 'IskoMoreno'}]",,,,
1258707980200980481,1255877988492574720,1588934342000,2020-05-08,18:39:02,Malay Peninsula Standard Time,1248260824830902273,mharizdea,MharizDe Asis,,"YORME, Kung ma eextend Po Ang LOCKDOWN Sana maabutan kmi Ng @dswdserves Dahil Ubos na ubos na din Po kami no work no pay kami buntis pa Po ako 4months Sana Po makarating SA Brgy 74 Zone 6 Ang AYUDA ,","['manilapio', 'philippinestar', 'iskomoreno', 'dswdserves']",[],[],0,0,0,[],[],https://twitter.com/MharizdeA/status/1258707980200980481,False,,0,,,,,,,"[{'user_id': '1248260824830902273', 'username': 'MharizdeA'}, {'user_id': '1134487806359719938', 'username': 'ManilaPIO'}, {'user_id': '472122299', 'username': 'PhilippineStar'}, {'user_id': '998813499714224128', 'username': 'IskoMoreno'}, {'user_id': '857545177', 'username': 'dswdserves'}]",,,,
1258351535727108096,1257877829468880896,1588849359000,2020-05-07,19:02:39,Malay Peninsula Standard Time,4001339292,mhaecp,Maila,,nagsend din po ako message sa fb page nyo at sa fb page ni Yorme pero wala din po response,"['manilapio', 'ronbreg']",[],[],0,0,0,[],[],https://twitter.com/mhaecp/status/1258351535727108096,False,,0,,,,,,,"[{'user_id': '4001339292', 'username': 'mhaecp'}, {'user_id': '1134487806359719938', 'username': 'ManilaPIO'}, {'user_id': '1978194859', 'username': 'ronbreg'}]",,,,
1258239259418349569,1258239259418349569,1588822591000,2020-05-07,11:36:31,Malay Peninsula Standard Time,850616166611533824,vell_morada,Vell Morada,,"@ManilaPIO @IskoMoreno
yorme question lang po bakit wala man lang taga DSWD na nagsurvey dito sa sa Brgy 69. At balita po na wlang SAP sa  Zone 6, e dami pong lactating mothers dito at senior na qualified naman.
nagtatanong lang po..salamat po","['manilapio', 'iskomoreno']",[],[],0,0,0,[],[],https://twitter.com/vell_morada/status/1258239259418349569,False,,0,,,,,,,"[{'user_id': '850616166611533824', 'username': 'vell_morada'}, {'user_id': '1134487806359719938', 'username': 'ManilaPIO'}, {'user_id': '998813499714224128', 'username': 'IskoMoreno'}]",,,,
1257641028229578752,1257562501111115777,1588679961000,2020-05-05,19:59:21,Malay Peninsula Standard Time,1197238873,apl232109,apl,,Yorme. Bkt tinabla ng dswd mga senior dito sa brgy namin. Akala namin sila ang priority?,"['manilapio', 'iskomoreno']",[],[],0,0,0,[],[],https://twitter.com/apl232109/status/1257641028229578752,False,,0,,,,,,,"[{'user_id': '1197238873', 'username': 'apl232109'}, {'user_id': '1134487806359719938', 'username': 'ManilaPIO'}, {'user_id': '998813499714224128', 'username': 'IskoMoreno'}]",,,,
1257602293634981888,1257562501111115777,1588670726000,2020-05-05,17:25:26,Malay Peninsula Standard Time,708777162,prettycristy,cristy mae rebugio,,"@IskoMoreno  the best ka Yorme, sana kaw nalang yorme namin üôè God bless po","['manilapio', 'iskomoreno']",[],[],0,0,1,[],[],https://twitter.com/prettycristy/status/1257602293634981888,False,,0,,,,,,,"[{'user_id': '708777162', 'username': 'prettycristy'}, {'user_id': '1134487806359719938', 'username': 'ManilaPIO'}, {'user_id': '998813499714224128', 'username': 'IskoMoreno'}]",,,,
1257595415886618624,1257562501111115777,1588669086000,2020-05-05,16:58:06,Malay Peninsula Standard Time,1251887205036908544,bhevztrosa,Bhevz Trosa,,"Sana taga maynila nalang ako at di taga qc sana may natanggap pa kami tulong galing sa kay yorme diaper, vitamins pagkain ng baby at gatas priority po sana namin bilan nanay, dswd form pinagtatago ng taga barangay pero kamag anakan nila dalwa dalwa nabigay form  sa isang bahay üò•","['manilapio', 'iskomoreno']",[],[],0,0,0,[],[],https://twitter.com/BhevzTrosa/status/1257595415886618624,False,,0,,,,,,,"[{'user_id': '1251887205036908544', 'username': 'BhevzTrosa'}, {'user_id': '1134487806359719938', 'username': 'ManilaPIO'}, {'user_id': '998813499714224128', 'username': 'IskoMoreno'}]",,,,
1257595045647011846,1257562501111115777,1588668998000,2020-05-05,16:56:38,Malay Peninsula Standard Time,969393658406486017,me_you139,Hello Kitty,,The 2can of sardines has been messing YORME üò•,['manilapio'],[],[],0,0,0,[],[],https://twitter.com/me_you139/status/1257595045647011846,False,,0,,,,,,,"[{'user_id': '969393658406486017', 'username': 'me_you139'}, {'user_id': '1134487806359719938', 'username': 'ManilaPIO'}]",,,,
1257590051988361216,1257562501111115777,1588667807000,2020-05-05,16:36:47,Malay Peninsula Standard Time,1245755688124473346,princes36984244,princesspaulineburgos,,naawa ako kay yorme nakikita ko ang sincerity nyang tumulong at alagaan ang mga manilenyo pero karamihan sa mga brgy chairman eh inaabuso ang pagkakataon at isa na ang chairman namin dto sa brgy. 739 üòíüòí,['manilapio'],[],[],0,0,0,[],[],https://twitter.com/princes36984244/status/1257590051988361216,False,,0,,,,,,,"[{'user_id': '1245755688124473346', 'username': 'princes36984244'}, {'user_id': '1134487806359719938', 'username': 'ManilaPIO'}]",,,,
1257523100872146946,1255143536598515719,1588651845000,2020-05-05,12:10:45,Malay Peninsula Standard Time,1227839497548660743,salvador_jhe,JheSalvador,,"Hi Yorme, baka naman po meron tayo for Breastfeeding Mothers like po sa QC. God bless po","['manilapio', 'iskomoreno']",[],[],0,0,0,[],[],https://twitter.com/salvador_jhe/status/1257523100872146946,False,,0,,,,,,,"[{'user_id': '1227839497548660743', 'username': 'salvador_jhe'}, {'user_id': '1134487806359719938', 'username': 'ManilaPIO'}, {'user_id': '998813499714224128', 'username': 'IskoMoreno'}]",,,,
1257325099855667203,1253327744982585346,1588604638000,2020-05-04,23:03:58,Malay Peninsula Standard Time,1077913602785402880,lai_iza04,laiüíï,,Gusto ko lang po iraise yung concerns ng mga new registered voter na nakapagsubmit ng requirments sa paymaya pero di po nabigyan ng 1500 hope that all PWD should get the same rights for this assistance even though po hindi bontante including CWD. Please here our concerns Yormeüíñ,"['manilapio', 'iskomoreno']",[],[],0,0,0,[],[],https://twitter.com/lai_iza04/status/1257325099855667203,False,,0,,,,,,,"[{'user_id': '1077913602785402880', 'username': 'lai_iza04'}, {'user_id': '1134487806359719938', 'username': 'ManilaPIO'}, {'user_id': '998813499714224128', 'username': 'IskoMoreno'}]",,,,
1257164332896411649,1257164332896411649,1588566308000,2020-05-04,12:25:08,Malay Peninsula Standard Time,4886209470,elmerdiokno,ELMER MOONTON DIOKNO,,"@ManilaPIO Hope that yorme isko will try to study using uv light robots. Uv light robots was also used in wuhan to disinfect hospital &public transport facilities during the corona virus..same was used in the ebola at US hospital facilities.less exposure, shorttime disinfection",['manilapio'],[],[],0,0,0,[],[],https://twitter.com/ElmerDiokno/status/1257164332896411649,False,,0,,,,,,,"[{'user_id': '4886209470', 'username': 'ElmerDiokno'}, {'user_id': '1134487806359719938', 'username': 'ManilaPIO'}]",,,,
1256795601179602947,1256795601179602947,1588478396000,2020-05-03,11:59:56,Malay Peninsula Standard Time,850616166611533824,vell_morada,Vell Morada,,"@ManilaPIO @IskoMoreno
yorme pls assign someone in brgy 69 madrid extension may iilang kapit bahay na tigas tlaga ng ulo..
hardlockdown na tumatakbo takbo pa sa labas para pumunta sa kabilang bahay..","['manilapio', 'iskomoreno']",[],[],0,0,0,[],[],https://twitter.com/vell_morada/status/1256795601179602947,False,,0,,,,,,,"[{'user_id': '850616166611533824', 'username': 'vell_morada'}, {'user_id': '1134487806359719938', 'username': 'ManilaPIO'}, {'user_id': '998813499714224128', 'username': 'IskoMoreno'}]",,,,
1256615585619705857,1256590559512125442,1588435477000,2020-05-03,00:04:37,Malay Peninsula Standard Time,1252253934086832129,marimattadeo,marimar mangaliman,,Mahal po naming yorme kami po ay humihingi ng tulong kasi po hindi na po tama ung ginagawa ng aming brgy chairman unang una po hindi po kami nakatanggap ng food box at 1000 pesos tapos ung spaghetti po pinalitan ng lucky me dito po sa brgy 103 salamat po and godbless you more po  pic.twitter.com/aMTCvSN6ZP,['manilapio'],[],['https://pbs.twimg.com/media/EXBlNM3UcAEilAP.jpg'],0,1,0,[],[],https://twitter.com/MarimatTadeo/status/1256615585619705857,False,,0,,,,,,,"[{'user_id': '1252253934086832129', 'username': 'MarimatTadeo'}, {'user_id': '1134487806359719938', 'username': 'ManilaPIO'}]",,,,
1256412977357438977,1256198565702930432,1588387171000,2020-05-02,10:39:31,Malay Peninsula Standard Time,279941741,nessang_05,nerissa,,Thanks Yorme!! Ready n kmi s Lockdown  pic.twitter.com/O3stAKZvee,"['manilapio', 'iskomoreno']",[],['https://pbs.twimg.com/media/EW-s70zVAAAi15b.jpg'],0,0,0,[],[],https://twitter.com/nessang_05/status/1256412977357438977,False,,0,,,,,,,"[{'user_id': '279941741', 'username': 'nessang_05'}, {'user_id': '1134487806359719938', 'username': 'ManilaPIO'}, {'user_id': '998813499714224128', 'username': 'IskoMoreno'}]",,,,
1256210821434052619,1255143536598515719,1588338973000,2020-05-01,21:16:13,Malay Peninsula Standard Time,150226777,shesebscott,stef22,,yorme  bakit sa ibang baranggay po may isang tray ng itlog hotdog at tinapay at buong manok.dito po sa ain sa sampaloc baranggay 557 manok na chinopchop lang po.parepareho po ba binibgay niyo sa mga chairman bat po ganun,"['manilapio', 'iskomoreno']",[],[],0,0,0,[],[],https://twitter.com/shesebscott/status/1256210821434052619,False,,0,,,,,,,"[{'user_id': '150226777', 'username': 'shesebscott'}, {'user_id': '1134487806359719938', 'username': 'ManilaPIO'}, {'user_id': '998813499714224128', 'username': 'IskoMoreno'}]",,,,
1256204777890828288,1256198565702930432,1588337532000,2020-05-01,20:52:12,Malay Peninsula Standard Time,1255484445836095494,codilladats,Dats Codilla,,Godjob yorme sana all,"['manilapio', 'iskomoreno']",[],[],0,0,1,[],[],https://twitter.com/CodillaDats/status/1256204777890828288,False,,0,,,,,,,"[{'user_id': '1255484445836095494', 'username': 'CodillaDats'}, {'user_id': '1134487806359719938', 'username': 'ManilaPIO'}, {'user_id': '998813499714224128', 'username': 'IskoMoreno'}]",,,,
1256179750411702273,1256141241999224833,1588331565000,2020-05-01,19:12:45,Malay Peninsula Standard Time,1206180066964586497,xofw9713,Joen,,The words of a true and caring leader. Every Manile√±o should be proud of having you as our Mayor. Salamat po Yorme @IskoMoreno,"['manilapio', 'iskomoreno']",[],[],0,0,0,[],[],https://twitter.com/xofw9713/status/1256179750411702273,False,,0,,,,,,,"[{'user_id': '1206180066964586497', 'username': 'xofw9713'}, {'user_id': '1134487806359719938', 'username': 'ManilaPIO'}, {'user_id': '998813499714224128', 'username': 'IskoMoreno'}]",,,,
1256155467815874562,1256087832063434752,1588325776000,2020-05-01,17:36:16,Malay Peninsula Standard Time,789017461,nornorenor,i will protect & love sam winchester #SaveHannibal,,WOW YORME! SANA ALL! GALING TALAGA SA MANILA üòç,['manilapio'],[],[],0,0,0,[],[],https://twitter.com/nornorenor/status/1256155467815874562,False,,0,,,,,,,"[{'user_id': '789017461', 'username': 'nornorenor'}, {'user_id': '1134487806359719938', 'username': 'ManilaPIO'}]",,,,
1256096694296408065,1256087832063434752,1588311763000,2020-05-01,13:42:43,Malay Peninsula Standard Time,2428056906,rose30jarby,RoseMarie,,Sobrang blessed ang mga #Manile√±o #BatangMaynila thru the kind leadership of Yorme. More blessings to come.üôèüòáüòä,['manilapio'],[],[],0,0,0,"['#manile√±o', '#batangmaynila']",[],https://twitter.com/Rose30Jarby/status/1256096694296408065,False,,0,,,,,,,"[{'user_id': '2428056906', 'username': 'Rose30Jarby'}, {'user_id': '1134487806359719938', 'username': 'ManilaPIO'}]",,,,
